{"cam1_offset_roll": 0.0, "sharpness_gain": 0.0, "driver_agent.p_gain": 20.0, "cam1_offset_pitch": -0.0015625059604644775, "view_offset_yaw": 0.0, "cam0_offset_y": 0.0043750014156103134, "cam0_offset_pitch": 0.0, "cam0_offset_yaw": 1.6, "cam0_offset_roll": 0.0, "cam0_horizon_r": 0.93, "cam0_offset_x": -0.0009375100489705801, "cam1_offset_yaw": 3.14, "cam1_offset_x": -0.0078125, "cam1_offset_y": 0.035937506705522537, "cam1_horizon_r": 0.93, "view_offset_pitch": 3.1400001049041748, "view_offset_roll": 0.0, "driver_agent.i_gain": 10.0, "driver_agent.d_gain": 1.0, "driver_agent.video_delay": 3.0}
